{"stats":{"minecraft:dropped":{"minecraft:stone_axe":1,"minecraft:granite":4,"minecraft:diorite":26,"minecraft:andesite":44},"minecraft:used":{"minecraft:cooked_mutton":1,"minecraft:water_bucket":1,"minecraft:spruce_door":4,"minecraft:stone_pickaxe":262,"minecraft:chest":8,"minecraft:wooden_pickaxe":25,"minecraft:cooked_chicken":2,"minecraft:dirt":12,"minecraft:crafting_table":6,"minecraft:blast_furnace":1,"minecraft:white_bed":5,"minecraft:smoker":1,"minecraft:iron_axe":110,"minecraft:iron_pickaxe":185,"minecraft:stone_axe":3,"minecraft:cobblestone":90,"minecraft:furnace":10,"minecraft:bucket":2,"minecraft:oak_boat":1,"minecraft:cooked_beef":5},"minecraft:killed":{"minecraft:sheep":15,"minecraft:chicken":2,"minecraft:cow":18},"minecraft:mined":{"minecraft:diamond_ore":6,"minecraft:white_bed":6,"minecraft:spruce_door":1,"minecraft:oak_fence":4,"minecraft:crafting_table":5,"minecraft:granite":4,"minecraft:short_grass":3,"minecraft:blast_furnace":1,"minecraft:grass_block":3,"minecraft:cobblestone":5,"minecraft:spruce_leaves":4,"minecraft:diorite":26,"minecraft:furnace":9,"minecraft:iron_ore":46,"minecraft:spruce_log":7,"minecraft:andesite":52,"minecraft:birch_leaves":10,"minecraft:gold_block":1,"minecraft:oak_log":46,"minecraft:coal_ore":17,"minecraft:oak_stairs":2,"minecraft:dirt":21,"minecraft:stone":299,"minecraft:oak_leaves":32},"minecraft:custom":{"minecraft:interact_with_furnace":24,"minecraft:mob_kills":35,"minecraft:interact_with_crafting_table":26,"minecraft:leave_game":5,"minecraft:time_since_death":637,"minecraft:sleep_in_bed":6,"minecraft:time_since_rest":671,"minecraft:sprint_one_cm":185777,"minecraft:damage_taken":2800,"minecraft:walk_one_cm":240514,"minecraft:drop":7,"minecraft:damage_dealt":3099,"minecraft:talked_to_villager":1,"minecraft:swim_one_cm":18352,"minecraft:fly_one_cm":211264,"minecraft:open_chest":16,"minecraft:crouch_one_cm":5610,"minecraft:play_time":130771,"minecraft:deaths":4,"minecraft:sneak_time":5026,"minecraft:walk_under_water_one_cm":30221,"minecraft:boat_one_cm":27634,"minecraft:jump":1427,"minecraft:walk_on_water_one_cm":17547,"minecraft:total_world_time":130771,"minecraft:interact_with_smoker":2,"minecraft:fall_one_cm":59111},"minecraft:broken":{"minecraft:stone_pickaxe":2},"minecraft:crafted":{"minecraft:cooked_beef":33,"minecraft:oak_planks":72,"minecraft:crafting_table":1,"minecraft:spruce_planks":28,"minecraft:wooden_pickaxe":1,"minecraft:iron_helmet":1,"minecraft:spruce_door":3,"minecraft:furnace":3,"minecraft:bucket":1,"minecraft:stone_axe":1,"minecraft:air":0,"minecraft:oak_boat":1,"minecraft:iron_boots":1,"minecraft:iron_chestplate":1,"minecraft:shield":1,"minecraft:iron_axe":1,"minecraft:stick":12,"minecraft:iron_ingot":47,"minecraft:iron_pickaxe":1,"minecraft:stone_pickaxe":2,"minecraft:chest":8,"minecraft:iron_leggings":1,"minecraft:white_bed":1,"minecraft:smoker":1},"minecraft:picked_up":{"minecraft:pink_petals":3,"minecraft:crafting_table":5,"minecraft:iron_chestplate":2,"minecraft:feather":2,"minecraft:cooked_beef":74,"minecraft:chicken":2,"minecraft:water_bucket":1,"minecraft:andesite":52,"minecraft:leather":21,"minecraft:oak_stairs":2,"minecraft:gold_block":1,"minecraft:oak_log":88,"minecraft:shield":2,"minecraft:dirt":34,"minecraft:iron_axe":2,"minecraft:iron_leggings":2,"minecraft:cooked_mutton":19,"minecraft:wheat_seeds":1,"minecraft:iron_ingot":26,"minecraft:beef":42,"minecraft:cooked_chicken":2,"minecraft:oak_boat":1,"minecraft:iron_nugget":3,"minecraft:iron_pickaxe":2,"minecraft:birch_sapling":1,"minecraft:egg":2,"minecraft:iron_boots":2,"minecraft:furnace":11,"minecraft:stick":2,"minecraft:raw_iron":45,"minecraft:oak_fence":4,"minecraft:oak_pressure_plate":4,"minecraft:spruce_sapling":1,"minecraft:blast_furnace":1,"minecraft:diorite":26,"minecraft:white_bed":6,"minecraft:spruce_log":7,"minecraft:spruce_door":1,"minecraft:diamond":6,"minecraft:iron_helmet":2,"minecraft:granite":4,"minecraft:oak_sapling":4,"minecraft:mutton":25,"minecraft:coal":36,"minecraft:white_wool":15,"minecraft:cobblestone":445}},"DataVersion":3955}