{"stats":{"minecraft:used":{"minecraft:chest":8,"minecraft:shield":16,"minecraft:cooked_chicken":2,"minecraft:dirt":27,"minecraft:wheat":8,"minecraft:tuff":22,"minecraft:iron_axe":132,"minecraft:grass_block":1,"minecraft:diamond_chestplate":1,"minecraft:furnace":10,"minecraft:oak_sapling":9,"minecraft:cooked_beef":15,"minecraft:cobbled_deepslate":92,"minecraft:wheat_seeds":48,"minecraft:cooked_mutton":2,"minecraft:water_bucket":16,"minecraft:diorite":7,"minecraft:spruce_door":4,"minecraft:stone_pickaxe":298,"minecraft:wooden_pickaxe":25,"minecraft:diamond_axe":267,"minecraft:crafting_table":9,"minecraft:birch_sign":1,"minecraft:blast_furnace":1,"minecraft:white_bed":5,"minecraft:smoker":1,"minecraft:oak_log":1,"minecraft:diamond_pickaxe":1,"minecraft:iron_pickaxe":739,"minecraft:spruce_sapling":10,"minecraft:gravel":2,"minecraft:stone_axe":3,"minecraft:cobblestone":116,"minecraft:andesite":7,"minecraft:bucket":18,"minecraft:oak_boat":1,"minecraft:kelp":59,"minecraft:bone_meal":14},"minecraft:broken":{"minecraft:stone_pickaxe":2,"minecraft:iron_pickaxe":2},"minecraft:mined":{"minecraft:diamond_ore":6,"minecraft:tuff":22,"minecraft:white_bed":6,"minecraft:deepslate_diamond_ore":70,"minecraft:granite":4,"minecraft:grass_block":5,"minecraft:spruce_leaves":22,"minecraft:kelp":7,"minecraft:carrots":5,"minecraft:spruce_sapling":4,"minecraft:furnace":9,"minecraft:iron_ore":54,"minecraft:cobbled_deepslate":5,"minecraft:andesite":59,"minecraft:gold_block":1,"minecraft:potatoes":4,"minecraft:oak_stairs":2,"minecraft:stone":364,"minecraft:glass_pane":1,"minecraft:kelp_plant":11,"minecraft:spruce_door":1,"minecraft:oak_fence":4,"minecraft:crafting_table":8,"minecraft:torch":1,"minecraft:short_grass":37,"minecraft:blast_furnace":1,"minecraft:cobblestone":5,"minecraft:diorite":33,"minecraft:birch_log":3,"minecraft:wheat":36,"minecraft:spruce_log":117,"minecraft:birch_leaves":10,"minecraft:coal_ore":17,"minecraft:oak_log":177,"minecraft:gravel":4,"minecraft:dirt":30,"minecraft:oak_leaves":57,"minecraft:deepslate":396},"minecraft:killed":{"minecraft:skeleton":2,"minecraft:chicken":2,"minecraft:sheep":15,"minecraft:zombie":6,"minecraft:cow":18},"minecraft:custom":{"minecraft:mob_kills":43,"minecraft:interact_with_crafting_table":34,"minecraft:bell_ring":23,"minecraft:leave_game":5,"minecraft:time_since_death":88032,"minecraft:sprint_one_cm":360800,"minecraft:walk_one_cm":452678,"minecraft:damage_blocked_by_shield":280,"minecraft:drop":7,"minecraft:talked_to_villager":3,"minecraft:play_time":221556,"minecraft:deaths":6,"minecraft:sneak_time":11252,"minecraft:walk_under_water_one_cm":52042,"minecraft:boat_one_cm":27634,"minecraft:jump":2527,"minecraft:interact_with_blast_furnace":3,"minecraft:walk_on_water_one_cm":22788,"minecraft:total_world_time":221556,"minecraft:interact_with_furnace":24,"minecraft:sleep_in_bed":10,"minecraft:time_since_rest":8601,"minecraft:damage_taken":4807,"minecraft:damage_dealt":4864,"minecraft:swim_one_cm":26985,"minecraft:fly_one_cm":373660,"minecraft:open_chest":52,"minecraft:crouch_one_cm":13505,"minecraft:interact_with_smoker":3,"minecraft:fall_one_cm":95239},"minecraft:dropped":{"minecraft:granite":4,"minecraft:diorite":26,"minecraft:stone_axe":1,"minecraft:andesite":44},"minecraft:crafted":{"minecraft:oak_planks":76,"minecraft:furnace":3,"minecraft:bone_meal":12,"minecraft:iron_boots":1,"minecraft:diamond_helmet":2,"minecraft:diamond_leggings":2,"minecraft:iron_axe":1,"minecraft:stone_pickaxe":3,"minecraft:chest":8,"minecraft:diamond_boots":2,"minecraft:birch_sign":3,"minecraft:smoker":1,"minecraft:cooked_beef":33,"minecraft:diamond_axe":1,"minecraft:crafting_table":2,"minecraft:spruce_planks":28,"minecraft:wooden_pickaxe":1,"minecraft:iron_helmet":1,"minecraft:spruce_door":3,"minecraft:bucket":2,"minecraft:birch_planks":12,"minecraft:stone_axe":1,"minecraft:air":0,"minecraft:oak_boat":1,"minecraft:iron_chestplate":1,"minecraft:diamond_pickaxe":2,"minecraft:shield":1,"minecraft:stick":24,"minecraft:iron_ingot":51,"minecraft:iron_pickaxe":3,"minecraft:iron_leggings":1,"minecraft:white_bed":1,"minecraft:diamond_chestplate":2},"minecraft:picked_up":{"minecraft:iron_chestplate":5,"minecraft:crafting_table":8,"minecraft:wheat":8,"minecraft:chicken":2,"minecraft:oak_stairs":2,"minecraft:gold_block":1,"minecraft:shield":5,"minecraft:iron_axe":5,"minecraft:iron_leggings":5,"minecraft:cobbled_deepslate":401,"minecraft:beef":42,"minecraft:oak_boat":4,"minecraft:iron_nugget":12,"minecraft:iron_pickaxe":5,"minecraft:birch_sapling":1,"minecraft:egg":2,"minecraft:iron_boots":5,"minecraft:furnace":14,"minecraft:raw_iron":53,"minecraft:stick":14,"minecraft:oak_fence":4,"minecraft:torch":1,"minecraft:diorite":33,"minecraft:carrot":16,"minecraft:arrow":1,"minecraft:rotten_flesh":4,"minecraft:mutton":25,"minecraft:cobblestone":723,"minecraft:white_wool":15,"minecraft:birch_log":3,"minecraft:pink_petals":3,"minecraft:feather":2,"minecraft:cooked_beef":176,"minecraft:water_bucket":4,"minecraft:andesite":59,"minecraft:leather":21,"minecraft:potato":17,"minecraft:flint":2,"minecraft:tuff":22,"minecraft:oak_log":285,"minecraft:dirt":57,"minecraft:cooked_mutton":37,"minecraft:bone":4,"minecraft:apple":1,"minecraft:kelp":59,"minecraft:wheat_seeds":53,"minecraft:iron_ingot":69,"minecraft:cooked_chicken":2,"minecraft:oak_pressure_plate":4,"minecraft:gravel":2,"minecraft:blast_furnace":1,"minecraft:spruce_sapling":13,"minecraft:spruce_log":117,"minecraft:white_bed":6,"minecraft:grass_block":1,"minecraft:spruce_door":1,"minecraft:diamond":75,"minecraft:iron_helmet":5,"minecraft:granite":4,"minecraft:bone_meal":3,"minecraft:oak_sapling":17,"minecraft:coal":36,"minecraft:ender_pearl":1}},"DataVersion":3955}