{"stats":{"minecraft:dropped":{"minecraft:wheat_seeds":1},"minecraft:killed_by":{"minecraft:player":1},"minecraft:used":{"minecraft:acacia_door":3,"minecraft:stone_pickaxe":168,"minecraft:oak_planks":25,"minecraft:wooden_pickaxe":34,"minecraft:gravel":1,"minecraft:stone_axe":39,"minecraft:dirt":26,"minecraft:cobblestone":4,"minecraft:crafting_table":7,"minecraft:andesite":1,"minecraft:acacia_planks":34},"minecraft:mined":{"minecraft:acacia_leaves":1,"minecraft:andesite":14,"minecraft:crafting_table":5,"minecraft:granite":13,"minecraft:short_grass":11,"minecraft:acacia_log":7,"minecraft:grass_block":7,"minecraft:oak_log":9,"minecraft:deepslate_iron_ore":11,"minecraft:gravel":2,"minecraft:dirt":15,"minecraft:tall_grass":8,"minecraft:cobblestone":3,"minecraft:acacia_planks":5,"minecraft:stone":94,"minecraft:oak_planks":1,"minecraft:diorite":22,"minecraft:oak_leaves":3,"minecraft:deepslate":43},"minecraft:broken":{"minecraft:stone_pickaxe":1},"minecraft:picked_up":{"minecraft:raw_iron":11,"minecraft:stick":7,"minecraft:crafting_table":5,"minecraft:andesite":14,"minecraft:wooden_pickaxe":2,"minecraft:acacia_log":7,"minecraft:gravel":4,"minecraft:oak_log":9,"minecraft:diorite":22,"minecraft:dirt":49,"minecraft:acacia_door":2,"minecraft:acacia_planks":29,"minecraft:stone_axe":1,"minecraft:wheat_seeds":7,"minecraft:cobbled_deepslate":43,"minecraft:granite":13,"minecraft:oak_planks":1,"minecraft:cobblestone":95},"minecraft:crafted":{"minecraft:oak_planks":36,"minecraft:crafting_table":3,"minecraft:stick":8,"minecraft:wooden_pickaxe":2,"minecraft:stone_pickaxe":2,"minecraft:acacia_door":3,"minecraft:acacia_planks":28,"minecraft:stone_axe":2},"minecraft:custom":{"minecraft:time_since_rest":12757,"minecraft:sprint_one_cm":27410,"minecraft:damage_taken":433,"minecraft:walk_one_cm":44803,"minecraft:drop":1,"minecraft:damage_dealt":935,"minecraft:interact_with_crafting_table":10,"minecraft:player_kills":4,"minecraft:fly_one_cm":24633,"minecraft:crouch_one_cm":4866,"minecraft:play_time":22830,"minecraft:deaths":1,"minecraft:sneak_time":4421,"minecraft:jump":295,"minecraft:leave_game":1,"minecraft:time_since_death":12726,"minecraft:total_world_time":22830,"minecraft:fall_one_cm":5054}},"DataVersion":3955}