{"stats":{"minecraft:used":{"minecraft:cooked_mutton":2,"minecraft:water_bucket":4,"minecraft:spruce_door":4,"minecraft:stone_pickaxe":298,"minecraft:shield":16,"minecraft:chest":8,"minecraft:wooden_pickaxe":25,"minecraft:cooked_chicken":2,"minecraft:dirt":16,"minecraft:crafting_table":9,"minecraft:blast_furnace":1,"minecraft:birch_sign":1,"minecraft:white_bed":5,"minecraft:tuff":10,"minecraft:smoker":1,"minecraft:iron_axe":132,"minecraft:iron_pickaxe":686,"minecraft:stone_axe":3,"minecraft:cobblestone":102,"minecraft:furnace":10,"minecraft:bucket":5,"minecraft:andesite":7,"minecraft:oak_boat":1,"minecraft:cooked_beef":7,"minecraft:cobbled_deepslate":61},"minecraft:broken":{"minecraft:stone_pickaxe":2,"minecraft:iron_pickaxe":2},"minecraft:mined":{"minecraft:tuff":22,"minecraft:diamond_ore":6,"minecraft:white_bed":6,"minecraft:deepslate_diamond_ore":70,"minecraft:spruce_door":1,"minecraft:oak_fence":4,"minecraft:crafting_table":8,"minecraft:granite":4,"minecraft:short_grass":3,"minecraft:blast_furnace":1,"minecraft:grass_block":4,"minecraft:cobblestone":5,"minecraft:spruce_leaves":4,"minecraft:diorite":26,"minecraft:furnace":9,"minecraft:birch_log":3,"minecraft:iron_ore":54,"minecraft:cobbled_deepslate":4,"minecraft:spruce_log":7,"minecraft:birch_leaves":10,"minecraft:andesite":59,"minecraft:gold_block":1,"minecraft:oak_log":46,"minecraft:coal_ore":17,"minecraft:oak_stairs":2,"minecraft:gravel":4,"minecraft:dirt":24,"minecraft:stone":321,"minecraft:oak_leaves":32,"minecraft:deepslate":396},"minecraft:killed":{"minecraft:skeleton":2,"minecraft:sheep":15,"minecraft:zombie":6,"minecraft:chicken":2,"minecraft:cow":18},"minecraft:custom":{"minecraft:interact_with_furnace":24,"minecraft:mob_kills":43,"minecraft:interact_with_crafting_table":32,"minecraft:leave_game":5,"minecraft:time_since_death":34032,"minecraft:sleep_in_bed":6,"minecraft:time_since_rest":34064,"minecraft:sprint_one_cm":196121,"minecraft:damage_taken":4377,"minecraft:walk_one_cm":299926,"minecraft:damage_blocked_by_shield":280,"minecraft:drop":7,"minecraft:damage_dealt":4520,"minecraft:swim_one_cm":19383,"minecraft:fly_one_cm":216061,"minecraft:talked_to_villager":1,"minecraft:open_chest":21,"minecraft:crouch_one_cm":12534,"minecraft:play_time":167556,"minecraft:deaths":6,"minecraft:sneak_time":9836,"minecraft:walk_under_water_one_cm":37181,"minecraft:boat_one_cm":27634,"minecraft:jump":1668,"minecraft:interact_with_blast_furnace":3,"minecraft:walk_on_water_one_cm":17560,"minecraft:total_world_time":167556,"minecraft:interact_with_smoker":3,"minecraft:fall_one_cm":73725},"minecraft:dropped":{"minecraft:stone_axe":1,"minecraft:granite":4,"minecraft:diorite":26,"minecraft:andesite":44},"minecraft:crafted":{"minecraft:cooked_beef":33,"minecraft:oak_planks":76,"minecraft:crafting_table":2,"minecraft:spruce_planks":28,"minecraft:wooden_pickaxe":1,"minecraft:iron_helmet":1,"minecraft:spruce_door":3,"minecraft:furnace":3,"minecraft:bucket":2,"minecraft:birch_planks":12,"minecraft:stone_axe":1,"minecraft:air":0,"minecraft:oak_boat":1,"minecraft:iron_chestplate":1,"minecraft:iron_boots":1,"minecraft:shield":1,"minecraft:iron_axe":1,"minecraft:stick":20,"minecraft:iron_ingot":51,"minecraft:iron_pickaxe":3,"minecraft:stone_pickaxe":3,"minecraft:chest":8,"minecraft:iron_leggings":1,"minecraft:white_bed":1,"minecraft:birch_sign":3,"minecraft:smoker":1},"minecraft:picked_up":{"minecraft:birch_log":3,"minecraft:pink_petals":3,"minecraft:crafting_table":8,"minecraft:iron_chestplate":5,"minecraft:feather":2,"minecraft:cooked_beef":176,"minecraft:chicken":2,"minecraft:water_bucket":4,"minecraft:andesite":59,"minecraft:leather":21,"minecraft:oak_stairs":2,"minecraft:gold_block":1,"minecraft:flint":2,"minecraft:tuff":22,"minecraft:oak_log":154,"minecraft:shield":5,"minecraft:dirt":50,"minecraft:iron_axe":5,"minecraft:iron_leggings":5,"minecraft:cooked_mutton":37,"minecraft:bone":4,"minecraft:wheat_seeds":1,"minecraft:cobbled_deepslate":400,"minecraft:iron_ingot":65,"minecraft:beef":42,"minecraft:cooked_chicken":2,"minecraft:oak_boat":4,"minecraft:iron_nugget":12,"minecraft:iron_pickaxe":5,"minecraft:birch_sapling":1,"minecraft:furnace":14,"minecraft:iron_boots":5,"minecraft:egg":2,"minecraft:stick":2,"minecraft:raw_iron":53,"minecraft:oak_fence":4,"minecraft:oak_pressure_plate":4,"minecraft:gravel":2,"minecraft:spruce_sapling":1,"minecraft:blast_furnace":1,"minecraft:diorite":26,"minecraft:white_bed":6,"minecraft:spruce_log":7,"minecraft:spruce_door":1,"minecraft:arrow":1,"minecraft:rotten_flesh":4,"minecraft:diamond":75,"minecraft:iron_helmet":5,"minecraft:granite":4,"minecraft:oak_sapling":7,"minecraft:mutton":25,"minecraft:coal":36,"minecraft:white_wool":15,"minecraft:cobblestone":679}},"DataVersion":3955}