{"stats":{"minecraft:dropped":{"minecraft:rotten_flesh":4,"minecraft:iron_helmet":1,"minecraft:iron_boots":1,"minecraft:iron_chestplate":1,"minecraft:andesite":1,"minecraft:oak_sapling":2,"minecraft:iron_leggings":1,"minecraft:stone_pickaxe":1,"minecraft:wooden_pickaxe":1},"minecraft:used":{"minecraft:water_bucket":5,"minecraft:stone_pickaxe":32,"minecraft:shield":11,"minecraft:wooden_pickaxe":3,"minecraft:iron_sword":38,"minecraft:dirt":3,"minecraft:crafting_table":5,"minecraft:smoker":1,"minecraft:oak_log":1,"minecraft:apple":1,"minecraft:iron_axe":6,"minecraft:iron_pickaxe":142,"minecraft:cobblestone":10,"minecraft:furnace":3,"minecraft:cooked_porkchop":8,"minecraft:bucket":6,"minecraft:andesite":8,"minecraft:cobbled_deepslate":7,"minecraft:experience_bottle":1},"minecraft:killed":{"minecraft:pig":5,"minecraft:spider":1,"minecraft:sheep":1,"minecraft:zombie":1,"minecraft:cow":7},"minecraft:mined":{"minecraft:deepslate_diamond_ore":16,"minecraft:crafting_table":3,"minecraft:short_grass":2,"minecraft:grass_block":3,"minecraft:cobblestone":10,"minecraft:spruce_leaves":5,"minecraft:furnace":3,"minecraft:birch_log":1,"minecraft:iron_ore":60,"minecraft:cobbled_deepslate":1,"minecraft:andesite":8,"minecraft:oak_log":10,"minecraft:coal_ore":19,"minecraft:deepslate_iron_ore":9,"minecraft:stone":44,"minecraft:deepslate":7,"minecraft:oak_leaves":6},"minecraft:picked_up":{"minecraft:birch_log":1,"minecraft:iron_chestplate":1,"minecraft:crafting_table":3,"minecraft:andesite":9,"minecraft:leather":5,"minecraft:brown_wool":1,"minecraft:oak_log":10,"minecraft:gunpowder":2,"minecraft:dirt":3,"minecraft:iron_leggings":1,"minecraft:apple":1,"minecraft:cobbled_deepslate":21,"minecraft:beef":14,"minecraft:iron_ingot":1,"minecraft:iron_boots":1,"minecraft:furnace":3,"minecraft:raw_iron":69,"minecraft:porkchop":8,"minecraft:spruce_sapling":1,"minecraft:carrot":1,"minecraft:rotten_flesh":4,"minecraft:diamond":16,"minecraft:iron_helmet":1,"minecraft:oak_sapling":2,"minecraft:mutton":2,"minecraft:coal":38,"minecraft:cobblestone":54,"minecraft:ender_pearl":1},"minecraft:crafted":{"minecraft:oak_planks":24,"minecraft:cooked_porkchop":8,"minecraft:crafting_table":2,"minecraft:wooden_pickaxe":1,"minecraft:iron_helmet":1,"minecraft:iron_sword":1,"minecraft:furnace":2,"minecraft:bucket":1,"minecraft:birch_planks":4,"minecraft:air":0,"minecraft:iron_boots":1,"minecraft:iron_chestplate":1,"minecraft:shield":1,"minecraft:iron_axe":1,"minecraft:stick":12,"minecraft:iron_ingot":34,"minecraft:iron_pickaxe":1,"minecraft:stone_pickaxe":1,"minecraft:iron_leggings":1,"minecraft:smoker":1},"minecraft:custom":{"minecraft:interact_with_furnace":16,"minecraft:mob_kills":17,"minecraft:interact_with_crafting_table":11,"minecraft:time_since_death":88078,"minecraft:time_since_rest":88151,"minecraft:sprint_one_cm":122125,"minecraft:damage_taken":1999,"minecraft:walk_one_cm":41997,"minecraft:damage_blocked_by_shield":798,"minecraft:drop":13,"minecraft:damage_dealt":2166,"minecraft:fly_one_cm":149491,"minecraft:open_chest":1,"minecraft:crouch_one_cm":4419,"minecraft:play_time":89245,"minecraft:deaths":2,"minecraft:sneak_time":33030,"minecraft:jump":885,"minecraft:walk_on_water_one_cm":2007,"minecraft:interact_with_smoker":2,"minecraft:total_world_time":89245,"minecraft:fall_one_cm":44553}},"DataVersion":3955}