{"stats":{"minecraft:used":{"minecraft:trident":2,"minecraft:stone_sword":56,"minecraft:iron_shovel":172,"minecraft:decorated_pot":2,"minecraft:chest":6,"minecraft:shield":35,"minecraft:iron_sword":81,"minecraft:trial_key":3,"minecraft:iron_chestplate":1,"minecraft:torch":4,"minecraft:dirt":20,"minecraft:jungle_planks":1,"minecraft:lava_bucket":26,"minecraft:iron_axe":34,"minecraft:iron_helmet":1,"minecraft:iron_boots":1,"minecraft:magma_block":1,"minecraft:bow":1,"minecraft:furnace":2,"minecraft:egg":1,"minecraft:cooked_beef":25,"minecraft:iron_leggings":1,"minecraft:cooked_mutton":30,"minecraft:water_bucket":49,"minecraft:diorite":3,"minecraft:stone_pickaxe":123,"minecraft:oak_planks":14,"minecraft:ender_pearl":2,"minecraft:wooden_pickaxe":3,"minecraft:sandstone":7,"minecraft:diamond_axe":31,"minecraft:white_wool":7,"minecraft:sand":27,"minecraft:crafting_table":8,"minecraft:blast_furnace":1,"minecraft:white_bed":1,"minecraft:smoker":2,"minecraft:oxeye_daisy":2,"minecraft:iron_pickaxe":364,"minecraft:gravel":4,"minecraft:stone_axe":11,"minecraft:diamond_sword":31,"minecraft:cobblestone":109,"minecraft:cooked_porkchop":4,"minecraft:andesite":2,"minecraft:bucket":77,"minecraft:yellow_bed":4,"minecraft:oak_boat":3},"minecraft:broken":{"minecraft:iron_pickaxe":1},"minecraft:mined":{"minecraft:white_bed":4,"minecraft:potted_dead_bush":1,"minecraft:grass_block":26,"minecraft:decorated_pot":43,"minecraft:jungle_planks":1,"minecraft:spruce_leaves":2,"minecraft:chiseled_tuff_bricks":6,"minecraft:composter":3,"minecraft:sandstone":19,"minecraft:tuff_bricks":42,"minecraft:magma_block":3,"minecraft:furnace":2,"minecraft:waxed_copper_grate":5,"minecraft:iron_ore":87,"minecraft:fire":1,"minecraft:polished_tuff":3,"minecraft:andesite":19,"minecraft:water_cauldron":6,"minecraft:dirt_path":2,"minecraft:waxed_weathered_copper_bulb":1,"minecraft:stone":218,"minecraft:white_wool":2,"minecraft:waxed_exposed_copper_bulb":1,"minecraft:smoker":2,"minecraft:dandelion":2,"minecraft:crafting_table":6,"minecraft:short_grass":11,"minecraft:blast_furnace":1,"minecraft:chest":4,"minecraft:copper_ore":1,"minecraft:cobblestone":13,"minecraft:lapis_ore":1,"minecraft:diorite":3,"minecraft:pink_petals":1,"minecraft:seagrass":1,"minecraft:waxed_copper_bulb":1,"minecraft:birch_log":5,"minecraft:waxed_oxidized_cut_copper_stairs":1,"minecraft:spruce_log":6,"minecraft:waxed_copper_block":1,"minecraft:yellow_bed":2,"minecraft:oak_log":16,"minecraft:coal_ore":36,"minecraft:waxed_oxidized_copper":1,"minecraft:gravel":4,"minecraft:sand":112,"minecraft:dirt":43,"minecraft:gold_ore":4,"minecraft:oak_leaves":7,"minecraft:deepslate":10},"minecraft:killed":{"minecraft:spider":2,"minecraft:skeleton":1,"minecraft:drowned":3,"minecraft:husk":6,"minecraft:pig":3,"minecraft:sheep":15,"minecraft:zombie":2,"minecraft:stray":16,"minecraft:breeze":4,"minecraft:cow":12},"minecraft:custom":{"minecraft:mob_kills":70,"minecraft:interact_with_crafting_table":32,"minecraft:open_barrel":11,"minecraft:leave_game":7,"minecraft:time_since_death":215945,"minecraft:climb_one_cm":5692,"minecraft:sprint_one_cm":489091,"minecraft:walk_one_cm":166042,"minecraft:damage_blocked_by_shield":1182,"minecraft:drop":54,"minecraft:play_time":215945,"minecraft:sneak_time":16892,"minecraft:walk_under_water_one_cm":33400,"minecraft:boat_one_cm":321960,"minecraft:jump":4146,"minecraft:interact_with_blast_furnace":17,"minecraft:walk_on_water_one_cm":32930,"minecraft:total_world_time":215945,"minecraft:interact_with_furnace":16,"minecraft:sleep_in_bed":5,"minecraft:time_since_rest":4112,"minecraft:damage_taken":3467,"minecraft:damage_dealt":9670,"minecraft:swim_one_cm":310921,"minecraft:fly_one_cm":879000,"minecraft:open_chest":35,"minecraft:crouch_one_cm":23098,"minecraft:interact_with_smoker":12,"minecraft:fall_one_cm":135654,"minecraft:inspect_dispenser":3},"minecraft:dropped":{"minecraft:iron_sword":1,"minecraft:wheat_seeds":3,"minecraft:lapis_lazuli":4,"minecraft:crafting_table":1,"minecraft:decorated_pot":6,"minecraft:polished_tuff":1,"minecraft:stick":4,"minecraft:dirt":47,"minecraft:waxed_oxidized_copper":1,"minecraft:dead_bush":1,"minecraft:sand":82,"minecraft:string":2,"minecraft:spruce_sapling":1,"minecraft:stone_axe":1,"minecraft:tuff_bricks":4,"minecraft:chiseled_tuff_bricks":1,"minecraft:stone_sword":1,"minecraft:raw_copper":5,"minecraft:rotten_flesh":5,"minecraft:cooked_mutton":2,"minecraft:filled_map":2,"minecraft:flower_pot":1,"minecraft:iron_chestplate":1,"minecraft:andesite":18,"minecraft:sandstone":8,"minecraft:wooden_pickaxe":2,"minecraft:stone_pickaxe":1,"minecraft:magma_block":2,"minecraft:brick":4,"minecraft:egg":1},"minecraft:crafted":{"minecraft:smooth_stone":3,"minecraft:oak_planks":64,"minecraft:furnace":3,"minecraft:blast_furnace":1,"minecraft:stone":3,"minecraft:yellow_bed":2,"minecraft:cooked_mutton":26,"minecraft:iron_boots":1,"minecraft:iron_axe":1,"minecraft:stone_pickaxe":1,"minecraft:chest":2,"minecraft:smoker":1,"minecraft:cooked_beef":25,"minecraft:diamond_sword":1,"minecraft:crafting_table":2,"minecraft:spruce_planks":24,"minecraft:wooden_pickaxe":1,"minecraft:iron_helmet":1,"minecraft:iron_sword":1,"minecraft:bucket":2,"minecraft:stone_axe":1,"minecraft:air":0,"minecraft:oak_boat":1,"minecraft:iron_chestplate":1,"minecraft:yellow_dye":2,"minecraft:shield":1,"minecraft:stick":16,"minecraft:iron_ingot":55,"minecraft:iron_pickaxe":2,"minecraft:stone_sword":1,"minecraft:iron_shovel":1,"minecraft:iron_leggings":1,"minecraft:gold_ingot":4,"minecraft:white_bed":1,"minecraft:torch":4},"minecraft:picked_up":{"minecraft:crafting_table":7,"minecraft:flower_pot":1,"minecraft:wooden_pickaxe":1,"minecraft:potion":2,"minecraft:brick":32,"minecraft:wind_charge":7,"minecraft:string":2,"minecraft:raw_copper":5,"minecraft:iron_axe":1,"minecraft:beef":25,"minecraft:trial_key":3,"minecraft:oak_boat":2,"minecraft:chest":4,"minecraft:sugar_cane":2,"minecraft:waxed_oxidized_copper":1,"minecraft:furnace":2,"minecraft:egg":7,"minecraft:tipped_arrow":23,"minecraft:stick":3,"minecraft:raw_iron":88,"minecraft:sandstone":15,"minecraft:composter":3,"minecraft:porkchop":2,"minecraft:flow_pottery_sherd":1,"minecraft:waxed_copper_grate":5,"minecraft:diorite":3,"minecraft:trident":1,"minecraft:cauldron":6,"minecraft:rotten_flesh":11,"minecraft:arrow":92,"minecraft:honey_bottle":2,"minecraft:decorated_pot":35,"minecraft:waxed_oxidized_cut_copper_stairs":1,"minecraft:tuff_bricks":34,"minecraft:mutton":26,"minecraft:white_wool":29,"minecraft:cobblestone":227,"minecraft:oxeye_daisy":2,"minecraft:birch_log":5,"minecraft:magma_block":3,"minecraft:golden_carrot":2,"minecraft:andesite":20,"minecraft:leather":12,"minecraft:smoker":2,"minecraft:filled_map":1,"minecraft:waxed_copper_bulb":1,"minecraft:oak_log":16,"minecraft:waxed_copper_block":1,"minecraft:yellow_bed":2,"minecraft:lapis_lazuli":4,"minecraft:dirt":67,"minecraft:cooked_mutton":6,"minecraft:bone":25,"minecraft:bow":2,"minecraft:wheat_seeds":3,"minecraft:raw_gold":4,"minecraft:iron_ingot":23,"minecraft:cooked_porkchop":11,"minecraft:waxed_exposed_copper_bulb":1,"minecraft:dandelion":2,"minecraft:gravel":4,"minecraft:sand":109,"minecraft:jungle_planks":1,"minecraft:dead_bush":1,"minecraft:spruce_sapling":2,"minecraft:blast_furnace":1,"minecraft:white_bed":4,"minecraft:spruce_log":6,"minecraft:polished_tuff":1,"minecraft:diamond":1,"minecraft:breeze_rod":6,"minecraft:emerald":35,"minecraft:baked_potato":3,"minecraft:coal":81,"minecraft:chiseled_tuff_bricks":1}},"DataVersion":3955}