{"stats":{"minecraft:used":{"minecraft:stone_sword":56,"minecraft:iron_shovel":40,"minecraft:decorated_pot":2,"minecraft:chest":6,"minecraft:shield":28,"minecraft:iron_sword":81,"minecraft:trial_key":3,"minecraft:iron_chestplate":1,"minecraft:torch":4,"minecraft:dirt":19,"minecraft:lava_bucket":26,"minecraft:iron_axe":34,"minecraft:iron_helmet":1,"minecraft:iron_boots":1,"minecraft:magma_block":1,"minecraft:bow":1,"minecraft:furnace":2,"minecraft:cooked_beef":20,"minecraft:iron_leggings":1,"minecraft:cooked_mutton":27,"minecraft:water_bucket":42,"minecraft:diorite":3,"minecraft:stone_pickaxe":123,"minecraft:oak_planks":14,"minecraft:ender_pearl":2,"minecraft:wooden_pickaxe":3,"minecraft:diamond_axe":25,"minecraft:white_wool":7,"minecraft:sand":25,"minecraft:crafting_table":8,"minecraft:blast_furnace":1,"minecraft:smoker":2,"minecraft:iron_pickaxe":257,"minecraft:gravel":4,"minecraft:stone_axe":11,"minecraft:diamond_sword":19,"minecraft:cobblestone":109,"minecraft:andesite":2,"minecraft:bucket":70,"minecraft:yellow_bed":4,"minecraft:oak_boat":3},"minecraft:dropped":{"minecraft:iron_sword":1,"minecraft:wheat_seeds":2,"minecraft:lapis_lazuli":4,"minecraft:crafting_table":1,"minecraft:decorated_pot":6,"minecraft:polished_tuff":1,"minecraft:stick":4,"minecraft:dirt":3,"minecraft:waxed_oxidized_copper":1,"minecraft:dead_bush":1,"minecraft:string":2,"minecraft:spruce_sapling":1,"minecraft:stone_axe":1,"minecraft:tuff_bricks":4,"minecraft:chiseled_tuff_bricks":1,"minecraft:stone_sword":1,"minecraft:rotten_flesh":4,"minecraft:cooked_mutton":2,"minecraft:flower_pot":1,"minecraft:iron_chestplate":1,"minecraft:andesite":18,"minecraft:wooden_pickaxe":2,"minecraft:stone_pickaxe":1,"minecraft:magma_block":2,"minecraft:brick":4},"minecraft:killed":{"minecraft:spider":2,"minecraft:skeleton":1,"minecraft:husk":6,"minecraft:pig":3,"minecraft:sheep":15,"minecraft:zombie":1,"minecraft:stray":16,"minecraft:breeze":4,"minecraft:cow":11},"minecraft:mined":{"minecraft:white_bed":1,"minecraft:potted_dead_bush":1,"minecraft:grass_block":3,"minecraft:decorated_pot":43,"minecraft:spruce_leaves":2,"minecraft:chiseled_tuff_bricks":6,"minecraft:tuff_bricks":42,"minecraft:magma_block":3,"minecraft:furnace":2,"minecraft:waxed_copper_grate":5,"minecraft:iron_ore":87,"minecraft:fire":1,"minecraft:polished_tuff":3,"minecraft:andesite":19,"minecraft:water_cauldron":3,"minecraft:dirt_path":2,"minecraft:waxed_weathered_copper_bulb":1,"minecraft:stone":134,"minecraft:white_wool":2,"minecraft:waxed_exposed_copper_bulb":1,"minecraft:smoker":2,"minecraft:dandelion":2,"minecraft:crafting_table":6,"minecraft:short_grass":11,"minecraft:blast_furnace":1,"minecraft:chest":4,"minecraft:cobblestone":13,"minecraft:lapis_ore":1,"minecraft:diorite":3,"minecraft:pink_petals":1,"minecraft:seagrass":1,"minecraft:waxed_copper_bulb":1,"minecraft:birch_log":5,"minecraft:waxed_oxidized_cut_copper_stairs":1,"minecraft:spruce_log":6,"minecraft:waxed_copper_block":1,"minecraft:yellow_bed":2,"minecraft:oak_log":16,"minecraft:coal_ore":36,"minecraft:waxed_oxidized_copper":1,"minecraft:sand":25,"minecraft:gravel":4,"minecraft:dirt":21,"minecraft:gold_ore":4,"minecraft:oak_leaves":7,"minecraft:deepslate":10},"minecraft:custom":{"minecraft:mob_kills":65,"minecraft:interact_with_crafting_table":32,"minecraft:open_barrel":11,"minecraft:leave_game":6,"minecraft:time_since_death":162102,"minecraft:climb_one_cm":3448,"minecraft:sprint_one_cm":411204,"minecraft:walk_one_cm":142822,"minecraft:damage_blocked_by_shield":907,"minecraft:drop":44,"minecraft:play_time":162102,"minecraft:sneak_time":12875,"minecraft:walk_under_water_one_cm":18578,"minecraft:boat_one_cm":321960,"minecraft:jump":2992,"minecraft:interact_with_blast_furnace":17,"minecraft:walk_on_water_one_cm":18012,"minecraft:total_world_time":162102,"minecraft:interact_with_furnace":16,"minecraft:sleep_in_bed":3,"minecraft:time_since_rest":34462,"minecraft:damage_taken":2871,"minecraft:damage_dealt":8849,"minecraft:swim_one_cm":103132,"minecraft:fly_one_cm":560396,"minecraft:open_chest":31,"minecraft:crouch_one_cm":15333,"minecraft:interact_with_smoker":12,"minecraft:fall_one_cm":103358,"minecraft:inspect_dispenser":3},"minecraft:broken":{"minecraft:iron_pickaxe":1},"minecraft:crafted":{"minecraft:oak_planks":64,"minecraft:smooth_stone":3,"minecraft:furnace":3,"minecraft:blast_furnace":1,"minecraft:stone":3,"minecraft:yellow_bed":2,"minecraft:cooked_mutton":26,"minecraft:iron_boots":1,"minecraft:iron_axe":1,"minecraft:stone_pickaxe":1,"minecraft:chest":2,"minecraft:smoker":1,"minecraft:cooked_beef":25,"minecraft:diamond_sword":1,"minecraft:crafting_table":2,"minecraft:spruce_planks":24,"minecraft:wooden_pickaxe":1,"minecraft:iron_helmet":1,"minecraft:iron_sword":1,"minecraft:bucket":2,"minecraft:stone_axe":1,"minecraft:air":0,"minecraft:oak_boat":1,"minecraft:iron_chestplate":1,"minecraft:yellow_dye":2,"minecraft:shield":1,"minecraft:stick":16,"minecraft:iron_ingot":55,"minecraft:iron_pickaxe":2,"minecraft:stone_sword":1,"minecraft:iron_shovel":1,"minecraft:iron_leggings":1,"minecraft:gold_ingot":4,"minecraft:white_bed":1,"minecraft:torch":4},"minecraft:picked_up":{"minecraft:crafting_table":7,"minecraft:flower_pot":1,"minecraft:wooden_pickaxe":1,"minecraft:potion":2,"minecraft:brick":32,"minecraft:wind_charge":7,"minecraft:string":2,"minecraft:iron_axe":1,"minecraft:beef":25,"minecraft:trial_key":3,"minecraft:oak_boat":2,"minecraft:sugar_cane":2,"minecraft:chest":4,"minecraft:waxed_oxidized_copper":1,"minecraft:furnace":2,"minecraft:egg":5,"minecraft:tipped_arrow":23,"minecraft:stick":3,"minecraft:raw_iron":88,"minecraft:porkchop":2,"minecraft:flow_pottery_sherd":1,"minecraft:waxed_copper_grate":5,"minecraft:diorite":3,"minecraft:cauldron":3,"minecraft:rotten_flesh":10,"minecraft:arrow":92,"minecraft:honey_bottle":2,"minecraft:decorated_pot":35,"minecraft:waxed_oxidized_cut_copper_stairs":1,"minecraft:tuff_bricks":34,"minecraft:mutton":26,"minecraft:cobblestone":144,"minecraft:white_wool":29,"minecraft:birch_log":5,"minecraft:magma_block":3,"minecraft:golden_carrot":2,"minecraft:andesite":20,"minecraft:leather":12,"minecraft:smoker":2,"minecraft:waxed_copper_bulb":1,"minecraft:oak_log":16,"minecraft:waxed_copper_block":1,"minecraft:yellow_bed":2,"minecraft:lapis_lazuli":4,"minecraft:dirt":22,"minecraft:cooked_mutton":6,"minecraft:bone":25,"minecraft:bow":2,"minecraft:wheat_seeds":2,"minecraft:raw_gold":4,"minecraft:iron_ingot":23,"minecraft:cooked_porkchop":11,"minecraft:waxed_exposed_copper_bulb":1,"minecraft:dandelion":2,"minecraft:gravel":4,"minecraft:sand":25,"minecraft:dead_bush":1,"minecraft:spruce_sapling":2,"minecraft:blast_furnace":1,"minecraft:white_bed":1,"minecraft:spruce_log":6,"minecraft:polished_tuff":1,"minecraft:diamond":1,"minecraft:breeze_rod":6,"minecraft:emerald":35,"minecraft:baked_potato":3,"minecraft:coal":81,"minecraft:chiseled_tuff_bricks":1}},"DataVersion":3955}