{"stats":{"minecraft:dropped":{"minecraft:wheat_seeds":1,"minecraft:light_gray_wool":1,"minecraft:stick":2,"minecraft:acacia_sapling":2,"minecraft:wooden_pickaxe":1},"minecraft:killed_by":{"minecraft:player":4,"minecraft:zombie":1},"minecraft:used":{"minecraft:cooked_mutton":3,"minecraft:stone_sword":20,"minecraft:stone_pickaxe":26,"minecraft:oak_planks":2,"minecraft:wooden_pickaxe":44,"minecraft:dirt":7,"minecraft:crafting_table":2,"minecraft:acacia_sapling":1,"minecraft:smoker":1,"minecraft:acacia_door":1,"minecraft:gravel":5,"minecraft:stone_axe":38,"minecraft:cobblestone":38,"minecraft:furnace":1,"minecraft:cooked_porkchop":1,"minecraft:acacia_planks":2},"minecraft:killed":{"minecraft:pig":4,"minecraft:sheep":4},"minecraft:mined":{"minecraft:acacia_leaves":6,"minecraft:smoker":1,"minecraft:crafting_table":3,"minecraft:short_grass":17,"minecraft:acacia_log":20,"minecraft:grass_block":14,"minecraft:cobblestone":15,"minecraft:oak_planks":2,"minecraft:furnace":1,"minecraft:iron_ore":2,"minecraft:dirt":20,"minecraft:gravel":6,"minecraft:acacia_door":2,"minecraft:acacia_planks":15,"minecraft:stone":48},"minecraft:picked_up":{"minecraft:crafting_table":3,"minecraft:wooden_pickaxe":2,"minecraft:smoker":1,"minecraft:flint":1,"minecraft:dirt":37,"minecraft:acacia_door":3,"minecraft:cooked_mutton":1,"minecraft:acacia_planks":31,"minecraft:wheat_seeds":8,"minecraft:light_gray_wool":1,"minecraft:acacia_sapling":3,"minecraft:oak_planks":2,"minecraft:furnace":1,"minecraft:stick":7,"minecraft:raw_iron":2,"minecraft:acacia_log":20,"minecraft:gravel":7,"minecraft:porkchop":6,"minecraft:stone_axe":1,"minecraft:mutton":7,"minecraft:cobblestone":67,"minecraft:white_wool":3},"minecraft:crafted":{"minecraft:cooked_porkchop":6,"minecraft:wooden_pickaxe":2,"minecraft:furnace":2,"minecraft:stone_axe":1,"minecraft:cooked_mutton":6,"minecraft:air":0,"minecraft:shield":1,"minecraft:stick":12,"minecraft:iron_ingot":2,"minecraft:stone_pickaxe":1,"minecraft:stone_sword":1,"minecraft:acacia_planks":64,"minecraft:smoker":1},"minecraft:custom":{"minecraft:interact_with_furnace":11,"minecraft:mob_kills":8,"minecraft:interact_with_crafting_table":11,"minecraft:leave_game":1,"minecraft:time_since_death":9922,"minecraft:time_since_rest":9950,"minecraft:sprint_one_cm":34758,"minecraft:damage_taken":1565,"minecraft:walk_one_cm":33295,"minecraft:drop":7,"minecraft:damage_dealt":1035,"minecraft:fly_one_cm":85060,"minecraft:player_kills":1,"minecraft:crouch_one_cm":9596,"minecraft:play_time":23450,"minecraft:deaths":5,"minecraft:sneak_time":4682,"minecraft:jump":458,"minecraft:walk_on_water_one_cm":57,"minecraft:total_world_time":23450,"minecraft:interact_with_smoker":5,"minecraft:fall_one_cm":19334}},"DataVersion":3955}