{"stats":{"minecraft:dropped":{"minecraft:rotten_flesh":4,"minecraft:iron_helmet":1,"minecraft:iron_boots":1,"minecraft:iron_chestplate":1,"minecraft:andesite":1,"minecraft:oak_sapling":1,"minecraft:iron_leggings":1,"minecraft:stone_pickaxe":1,"minecraft:wooden_pickaxe":1},"minecraft:used":{"minecraft:stone_pickaxe":32,"minecraft:shield":1,"minecraft:wooden_pickaxe":3,"minecraft:iron_sword":31,"minecraft:dirt":3,"minecraft:crafting_table":3,"minecraft:oak_log":1,"minecraft:apple":1,"minecraft:iron_axe":2,"minecraft:iron_pickaxe":55,"minecraft:cobblestone":4,"minecraft:furnace":3,"minecraft:cooked_porkchop":5,"minecraft:andesite":2},"minecraft:killed":{"minecraft:pig":5,"minecraft:spider":1,"minecraft:sheep":1,"minecraft:zombie":1,"minecraft:cow":7},"minecraft:mined":{"minecraft:crafting_table":2,"minecraft:short_grass":2,"minecraft:grass_block":3,"minecraft:cobblestone":4,"minecraft:spruce_leaves":5,"minecraft:furnace":3,"minecraft:birch_log":1,"minecraft:iron_ore":35,"minecraft:andesite":2,"minecraft:oak_log":7,"minecraft:coal_ore":19,"minecraft:stone":27,"minecraft:oak_leaves":5},"minecraft:picked_up":{"minecraft:birch_log":1,"minecraft:iron_chestplate":1,"minecraft:crafting_table":2,"minecraft:andesite":3,"minecraft:leather":5,"minecraft:brown_wool":1,"minecraft:oak_log":7,"minecraft:dirt":3,"minecraft:iron_leggings":1,"minecraft:apple":1,"minecraft:beef":14,"minecraft:iron_ingot":1,"minecraft:iron_boots":1,"minecraft:furnace":3,"minecraft:raw_iron":35,"minecraft:porkchop":8,"minecraft:spruce_sapling":1,"minecraft:carrot":1,"minecraft:rotten_flesh":4,"minecraft:iron_helmet":1,"minecraft:oak_sapling":1,"minecraft:mutton":2,"minecraft:coal":38,"minecraft:cobblestone":31},"minecraft:crafted":{"minecraft:oak_planks":24,"minecraft:cooked_porkchop":7,"minecraft:crafting_table":2,"minecraft:wooden_pickaxe":1,"minecraft:iron_helmet":1,"minecraft:iron_sword":1,"minecraft:furnace":2,"minecraft:birch_planks":4,"minecraft:air":0,"minecraft:iron_boots":1,"minecraft:iron_chestplate":1,"minecraft:shield":1,"minecraft:iron_axe":1,"minecraft:stick":12,"minecraft:iron_ingot":34,"minecraft:iron_pickaxe":1,"minecraft:stone_pickaxe":1,"minecraft:iron_leggings":1},"minecraft:custom":{"minecraft:interact_with_furnace":16,"minecraft:mob_kills":16,"minecraft:interact_with_crafting_table":9,"minecraft:time_since_death":76078,"minecraft:time_since_rest":76151,"minecraft:sprint_one_cm":65852,"minecraft:damage_taken":1687,"minecraft:walk_one_cm":26835,"minecraft:damage_blocked_by_shield":25,"minecraft:drop":12,"minecraft:damage_dealt":1650,"minecraft:fly_one_cm":63790,"minecraft:crouch_one_cm":3169,"minecraft:play_time":77245,"minecraft:deaths":2,"minecraft:sneak_time":32216,"minecraft:jump":486,"minecraft:total_world_time":77245,"minecraft:fall_one_cm":28359}},"DataVersion":3955}