{"stats":{"minecraft:used":{"minecraft:stone_sword":56,"minecraft:iron_shovel":11,"minecraft:decorated_pot":2,"minecraft:chest":6,"minecraft:shield":23,"minecraft:iron_sword":81,"minecraft:trial_key":3,"minecraft:iron_chestplate":1,"minecraft:dirt":3,"minecraft:lava_bucket":9,"minecraft:iron_axe":34,"minecraft:iron_helmet":1,"minecraft:iron_boots":1,"minecraft:magma_block":1,"minecraft:bow":1,"minecraft:furnace":2,"minecraft:cooked_beef":17,"minecraft:iron_leggings":1,"minecraft:cooked_mutton":26,"minecraft:water_bucket":38,"minecraft:diorite":3,"minecraft:stone_pickaxe":123,"minecraft:oak_planks":14,"minecraft:ender_pearl":2,"minecraft:wooden_pickaxe":3,"minecraft:diamond_axe":19,"minecraft:white_wool":7,"minecraft:crafting_table":8,"minecraft:blast_furnace":1,"minecraft:smoker":2,"minecraft:iron_pickaxe":256,"minecraft:gravel":4,"minecraft:stone_axe":11,"minecraft:diamond_sword":1,"minecraft:cobblestone":109,"minecraft:andesite":2,"minecraft:bucket":49,"minecraft:yellow_bed":4,"minecraft:oak_boat":3},"minecraft:dropped":{"minecraft:iron_sword":1,"minecraft:lapis_lazuli":4,"minecraft:crafting_table":1,"minecraft:decorated_pot":6,"minecraft:polished_tuff":1,"minecraft:dirt":1,"minecraft:waxed_oxidized_copper":1,"minecraft:dead_bush":1,"minecraft:string":2,"minecraft:spruce_sapling":1,"minecraft:stone_axe":1,"minecraft:tuff_bricks":4,"minecraft:chiseled_tuff_bricks":1,"minecraft:stone_sword":1,"minecraft:rotten_flesh":4,"minecraft:cooked_mutton":2,"minecraft:flower_pot":1,"minecraft:iron_chestplate":1,"minecraft:andesite":18,"minecraft:wooden_pickaxe":2,"minecraft:stone_pickaxe":1,"minecraft:magma_block":2,"minecraft:brick":4},"minecraft:killed":{"minecraft:spider":1,"minecraft:husk":6,"minecraft:pig":1,"minecraft:sheep":13,"minecraft:zombie":1,"minecraft:stray":16,"minecraft:breeze":4,"minecraft:cow":11},"minecraft:mined":{"minecraft:white_bed":1,"minecraft:potted_dead_bush":1,"minecraft:grass_block":3,"minecraft:decorated_pot":43,"minecraft:spruce_leaves":2,"minecraft:chiseled_tuff_bricks":6,"minecraft:tuff_bricks":42,"minecraft:magma_block":3,"minecraft:furnace":2,"minecraft:waxed_copper_grate":5,"minecraft:iron_ore":87,"minecraft:fire":1,"minecraft:polished_tuff":3,"minecraft:andesite":19,"minecraft:water_cauldron":3,"minecraft:dirt_path":2,"minecraft:waxed_weathered_copper_bulb":1,"minecraft:stone":134,"minecraft:white_wool":2,"minecraft:waxed_exposed_copper_bulb":1,"minecraft:smoker":2,"minecraft:dandelion":2,"minecraft:crafting_table":6,"minecraft:short_grass":4,"minecraft:blast_furnace":1,"minecraft:chest":4,"minecraft:cobblestone":13,"minecraft:lapis_ore":1,"minecraft:diorite":3,"minecraft:pink_petals":1,"minecraft:seagrass":1,"minecraft:waxed_copper_bulb":1,"minecraft:birch_log":5,"minecraft:waxed_oxidized_cut_copper_stairs":1,"minecraft:spruce_log":6,"minecraft:waxed_copper_block":1,"minecraft:yellow_bed":2,"minecraft:oak_log":10,"minecraft:coal_ore":35,"minecraft:waxed_oxidized_copper":1,"minecraft:gravel":4,"minecraft:dirt":14,"minecraft:gold_ore":4,"minecraft:oak_leaves":7,"minecraft:deepslate":10},"minecraft:custom":{"minecraft:mob_kills":57,"minecraft:interact_with_crafting_table":32,"minecraft:open_barrel":11,"minecraft:leave_game":6,"minecraft:time_since_death":141531,"minecraft:climb_one_cm":3448,"minecraft:sprint_one_cm":375308,"minecraft:walk_one_cm":122640,"minecraft:damage_blocked_by_shield":651,"minecraft:drop":36,"minecraft:play_time":141531,"minecraft:sneak_time":11183,"minecraft:walk_under_water_one_cm":15286,"minecraft:boat_one_cm":312299,"minecraft:jump":2473,"minecraft:interact_with_blast_furnace":17,"minecraft:walk_on_water_one_cm":14837,"minecraft:total_world_time":141531,"minecraft:interact_with_furnace":16,"minecraft:sleep_in_bed":3,"minecraft:time_since_rest":13891,"minecraft:damage_taken":2647,"minecraft:damage_dealt":8205,"minecraft:swim_one_cm":80413,"minecraft:fly_one_cm":444503,"minecraft:open_chest":31,"minecraft:crouch_one_cm":13418,"minecraft:interact_with_smoker":12,"minecraft:fall_one_cm":84591,"minecraft:inspect_dispenser":3},"minecraft:broken":{"minecraft:iron_pickaxe":1},"minecraft:crafted":{"minecraft:oak_planks":40,"minecraft:smooth_stone":3,"minecraft:furnace":3,"minecraft:blast_furnace":1,"minecraft:stone":3,"minecraft:yellow_bed":2,"minecraft:cooked_mutton":26,"minecraft:iron_boots":1,"minecraft:iron_axe":1,"minecraft:stone_pickaxe":1,"minecraft:chest":2,"minecraft:smoker":1,"minecraft:cooked_beef":25,"minecraft:diamond_sword":1,"minecraft:crafting_table":2,"minecraft:spruce_planks":24,"minecraft:wooden_pickaxe":1,"minecraft:iron_helmet":1,"minecraft:iron_sword":1,"minecraft:bucket":2,"minecraft:stone_axe":1,"minecraft:air":0,"minecraft:oak_boat":1,"minecraft:iron_chestplate":1,"minecraft:yellow_dye":2,"minecraft:shield":1,"minecraft:stick":12,"minecraft:iron_ingot":55,"minecraft:iron_pickaxe":2,"minecraft:stone_sword":1,"minecraft:iron_shovel":1,"minecraft:iron_leggings":1,"minecraft:gold_ingot":4,"minecraft:white_bed":1},"minecraft:picked_up":{"minecraft:crafting_table":7,"minecraft:flower_pot":1,"minecraft:wooden_pickaxe":1,"minecraft:potion":2,"minecraft:brick":32,"minecraft:wind_charge":7,"minecraft:string":2,"minecraft:iron_axe":1,"minecraft:beef":25,"minecraft:trial_key":3,"minecraft:oak_boat":2,"minecraft:sugar_cane":2,"minecraft:chest":4,"minecraft:waxed_oxidized_copper":1,"minecraft:furnace":2,"minecraft:egg":5,"minecraft:tipped_arrow":23,"minecraft:stick":2,"minecraft:raw_iron":88,"minecraft:porkchop":2,"minecraft:flow_pottery_sherd":1,"minecraft:waxed_copper_grate":5,"minecraft:diorite":3,"minecraft:cauldron":3,"minecraft:rotten_flesh":10,"minecraft:arrow":92,"minecraft:honey_bottle":2,"minecraft:decorated_pot":35,"minecraft:waxed_oxidized_cut_copper_stairs":1,"minecraft:tuff_bricks":34,"minecraft:mutton":26,"minecraft:cobblestone":144,"minecraft:white_wool":25,"minecraft:birch_log":5,"minecraft:magma_block":3,"minecraft:golden_carrot":2,"minecraft:andesite":20,"minecraft:leather":12,"minecraft:smoker":2,"minecraft:waxed_copper_bulb":1,"minecraft:oak_log":10,"minecraft:waxed_copper_block":1,"minecraft:yellow_bed":2,"minecraft:lapis_lazuli":4,"minecraft:dirt":14,"minecraft:cooked_mutton":2,"minecraft:bone":25,"minecraft:bow":2,"minecraft:raw_gold":4,"minecraft:iron_ingot":23,"minecraft:waxed_exposed_copper_bulb":1,"minecraft:dandelion":2,"minecraft:gravel":4,"minecraft:dead_bush":1,"minecraft:spruce_sapling":2,"minecraft:blast_furnace":1,"minecraft:white_bed":1,"minecraft:spruce_log":6,"minecraft:polished_tuff":1,"minecraft:diamond":1,"minecraft:breeze_rod":6,"minecraft:emerald":35,"minecraft:baked_potato":3,"minecraft:coal":80,"minecraft:chiseled_tuff_bricks":1}},"DataVersion":3955}